Country Name,Country Code,Indicator Name,Indicator Code,yr2012,yr2013,yr2014,yr2015,yr2016,yr2017,yr2018,yr2019,yr2020,yr2021,yr2022
Aruba,ABW,GDP per capita (current US$),NY.GDP.PCAP.CD,25609.95572,26515.67808,26942.30798,28421.38649,28451.27374,29326.70806,30918.51522,31902.76258,24487.86357,29342.10073,
Africa Eastern and Southern,AFE,GDP per capita (current US$),NY.GDP.PCAP.CD,1765.250073,1736.222507,1724.534381,1545.559084,1436.094404,1613.668488,1550.111762,1499.954437,1353.927527,1539.165543,1622.39172
Afghanistan,AFG,GDP per capita (current US$),NY.GDP.PCAP.CD,663.1410528,651.9878619,628.1468039,592.4761648,520.2519549,530.1498626,502.0570992,500.5229808,516.8667974,363.6740871,
Africa Western and Central,AFW,GDP per capita (current US$),NY.GDP.PCAP.CD,1957.519614,2153.766138,2247.857492,1880.750778,1646.972399,1588.581005,1732.816544,1810.538006,1686.997899,1765.965307,1790.3488
Angola,AGO,GDP per capita (current US$),NY.GDP.PCAP.CD,4962.552072,5101.983876,5059.080441,3100.830685,1709.515534,2283.214233,2487.500996,2142.238757,1502.950754,1903.717405,2998.501158
Albania,ALB,GDP per capita (current US$),NY.GDP.PCAP.CD,4247.631356,4413.063397,4578.633208,3952.803584,4124.05539,4531.032207,5287.660817,5396.214227,5343.037704,6377.203096,6802.804519
Andorra,AND,GDP per capita (current US$),NY.GDP.PCAP.CD,44902.38077,44747.75386,45680.53499,38885.53032,39931.21698,40632.23155,42904.82846,41328.6005,37207.222,42072.3411,41992.79336
Arab World,ARB,GDP per capita (current US$),NY.GDP.PCAP.CD,7365.456849,7348.84955,7302.25035,6283.256026,6113.397738,6224.52297,6573.81697,6498.529037,5639.398735,6414.725618,7655.848402
United Arab Emirates,ARE,GDP per capita (current US$),NY.GDP.PCAP.CD,44386.78608,45729.60768,46865.9646,41525.1389,41054.53957,43063.96748,46722.26872,45376.17084,37629.17417,44315.55418,53757.86325
Argentina,ARG,GDP per capita (current US$),NY.GDP.PCAP.CD,13082.66433,13080.25473,12334.79825,13789.06042,12790.26406,14613.03571,11795.16289,9963.674231,8496.428157,10636.11553,13686.00867
Armenia,ARM,GDP per capita (current US$),NY.GDP.PCAP.CD,3643.715404,3833.157071,4017.229913,3666.141825,3679.952349,4041.995072,4391.923274,4828.504889,4505.867746,4966.513471,7014.206592
American Samoa,ASM,GDP per capita (current US$),NY.GDP.PCAP.CD,11920.06109,12038.87159,12313.99736,13101.54182,13300.82461,12372.88478,13195.9359,13672.57666,15501.52634,15743.31076,
Antigua and Barbuda,ATG,GDP per capita (current US$),NY.GDP.PCAP.CD,13686.47659,13350.14914,14004.81121,14861.88271,15862.65166,16110.3124,17514.35586,18187.77971,15284.77238,16740.3482,18745.17351
Australia,AUS,GDP per capita (current US$),NY.GDP.PCAP.CD,68047.37818,68156.3861,62515.31483,56708.9612,49876.71238,53934.15437,57206.99067,54941.06572,51722.069,60444.50236,64491.42989
Austria,AUT,GDP per capita (current US$),NY.GDP.PCAP.CD,48564.91734,50731.12725,51786.37717,44195.81759,45307.58786,47429.15846,51466.55656,50070.40335,48809.22688,53637.70571,52131.44666
Azerbaijan,AZE,GDP per capita (current US$),NY.GDP.PCAP.CD,7495.861942,7875.344611,7890.83525,5500.50462,3880.686267,4147.198619,4739.795242,4805.753718,4229.910649,5408.045352,7736.701232
Burundi,BDI,GDP per capita (current US$),NY.GDP.PCAP.CD,238.2059453,241.5476657,257.8185575,289.3596271,242.5395274,244.1454221,232.0606166,216.9729709,216.8274174,221.1578034,238.4418757
Belgium,BEL,GDP per capita (current US$),NY.GDP.PCAP.CD,44670.56068,46757.95186,47764.07151,41008.29672,42012.62272,44198.48239,47544.98115,46641.71166,45517.90382,51268.38804,49582.82536
Benin,BEN,GDP per capita (current US$),NY.GDP.PCAP.CD,1112.569535,1214.295566,1251.504765,1041.652523,1049.820303,1095.274459,1194.438214,1170.965533,1237.949295,1361.100749,1303.222014
Burkina Faso,BFA,GDP per capita (current US$),NY.GDP.PCAP.CD,733.9728789,762.3037803,767.3713442,632.1266858,665.7863285,711.1845439,779.2027681,772.1668775,833.2443361,893.077196,832.8842657
Bangladesh,BGD,GDP per capita (current US$),NY.GDP.PCAP.CD,876.8180068,973.7739002,1108.514957,1236.004398,1659.962489,1815.610191,1963.412707,2122.078386,2233.305893,2457.924049,2688.30395
Bulgaria,BGR,GDP per capita (current US$),NY.GDP.PCAP.CD,7431.014045,7686.629222,7912.52054,7081.102336,7574.191264,8386.589202,9451.85087,9878.768872,10153.4766,12222.23565,13772.47679
Bahrain,BHR,GDP per capita (current US$),NY.GDP.PCAP.CD,25102.72635,25790.73031,25464.7601,22795.44886,22867.18112,24349.90987,25415.84662,25869.11291,23433.18724,26860.0725,30152.03468
"Bahamas, The",BHS,GDP per capita (current US$),NY.GDP.PCAP.CD,28059.6554,27389.60197,28720.66219,29724.95334,29675.53589,30708.98702,31483.97884,32279.01136,23998.26802,28260.43255,31458.30081
Bosnia and Herzegovina,BIH,GDP per capita (current US$),NY.GDP.PCAP.CD,4688.345902,5025.240652,5196.969426,4654.609552,4917.263698,5327.393184,6024.491546,6094.723214,6095.102479,7230.198163,7585.375002
Belarus,BLR,GDP per capita (current US$),NY.GDP.PCAP.CD,6953.217307,7998.077953,8341.288104,5967.069185,5039.776032,5785.534975,6360.05206,6837.767232,6542.86454,7489.718947,7904.856243
Belize,BLZ,GDP per capita (current US$),NY.GDP.PCAP.CD,5645.895822,5887.933435,6068.088609,6142.478833,6148.706961,6100.994681,6059.162553,6210.565543,5266.87616,6228.267309,6968.361585
Bermuda,BMU,GDP per capita (current US$),NY.GDP.PCAP.CD,98431.86518,99471.6389,98467.68399,102005.6256,106885.8785,111820.5815,113050.7369,116153.1661,107791.8864,111774.6691,118845.6211
Bolivia,BOL,GDP per capita (current US$),NY.GDP.PCAP.CD,2562.466784,2853.797162,3022.462884,2975.648811,3013.502707,3280.008214,3471.006951,3472.380831,3068.812555,3345.196588,3523.273733
Brazil,BRA,GDP per capita (current US$),NY.GDP.PCAP.CD,12327.51556,12258.56485,12071.40465,8783.214413,8680.735421,9896.717511,9121.020092,8845.323931,6923.700197,7696.785531,8917.673898
Barbados,BRB,GDP per capita (current US$),NY.GDP.PCAP.CD,16691.33264,16893.60627,16924.19034,16990.21947,17343.72544,17843.19793,18224.89059,19002.96238,16643.80658,17225.4623,20018.51515
Brunei Darussalam,BRN,GDP per capita (current US$),NY.GDP.PCAP.CD,46844.19672,43950.05706,41035.77314,30681.43744,26762.03743,28186.98339,31241.02397,30748.32019,27179.34442,31448.91361,37152.46624
Bhutan,BTN,GDP per capita (current US$),NY.GDP.PCAP.CD,2470.072136,2409.439989,2589.899141,2695.636904,2879.546572,3240.706326,3210.707814,3303.962309,3009.925516,3266.362774,
Botswana,BWA,GDP per capita (current US$),NY.GDP.PCAP.CD,6392.987347,6436.603063,6844.032996,5869.737772,6411.551666,6705.341062,6947.817841,6691.161051,5875.070606,7238.796096,7737.654681
Central African Republic,CAF,GDP per capita (current US$),NY.GDP.PCAP.CD,525.8675036,352.226855,394.8569331,351.8797548,372.1354561,414.7403226,435.9322963,426.408753,435.4692482,461.1375109,427.0580963
Canada,CAN,GDP per capita (current US$),NY.GDP.PCAP.CD,52669.08996,52635.17496,50955.99832,43596.13554,42315.60371,45129.4293,46547.79518,46374.15275,43349.67786,52358.62164,54966.48884
Central Europe and the Baltics,CEB,GDP per capita (current US$),NY.GDP.PCAP.CD,13074.23824,13665.7266,14141.10062,12525.6327,12782.22224,14222.45429,16077.02395,16349.00536,16298.26706,18790.41816,19337.88903
Switzerland,CHE,GDP per capita (current US$),NY.GDP.PCAP.CD,85836.20768,87304.33058,88724.99094,83806.4476,82153.07454,82254.37693,85216.64295,84121.93103,85656.32267,91991.60046,92101.46974
Channel Islands,CHI,GDP per capita (current US$),NY.GDP.PCAP.CD,,,,,58093.99606,57683.8939,62316.21995,61281.32722,57339.52687,67960.727,
Chile,CHL,GDP per capita (current US$),NY.GDP.PCAP.CD,15406.49284,15833.27592,14666.34312,13569.94813,13785.6876,15045.52785,15795.70814,14627.14502,13165.38634,16247.40102,15355.5065
China,CHN,GDP per capita (current US$),NY.GDP.PCAP.CD,6300.582352,7020.385682,7636.074223,8016.446016,8094.390375,8817.045496,9905.406118,10143.86021,10408.71912,12617.50499,12720.21564
Cote d'Ivoire,CIV,GDP per capita (current US$),NY.GDP.PCAP.CD,1649.301615,1903.054229,2124.01943,1941.581898,1999.195372,2113.341525,2295.540335,2290.787379,2349.069882,2613.378893,2486.412194
Cameroon,CMR,GDP per capita (current US$),NY.GDP.PCAP.CD,1433.723927,1559.13905,1631.713986,1399.675336,1426.065481,1479.862223,1594.060109,1538.687912,1539.130547,1666.932809,1588.478723
"Congo, Dem. Rep.",COD,GDP per capita (current US$),NY.GDP.PCAP.CD,412.7762607,444.8643574,472.266236,482.0645685,456.0279505,451.0890886,546.2125933,575.8827813,524.6666863,577.2092152,586.4642889
"Congo, Rep.",COG,GDP per capita (current US$),NY.GDP.PCAP.CD,3753.860925,3719.651037,3622.530074,2347.818507,1970.250199,2088.500299,2512.384167,2288.808086,1838.448124,2290.382994,2447.988989
Colombia,COL,GDP per capita (current US$),NY.GDP.PCAP.CD,8096.80151,8263.641929,8167.472842,6228.651622,5936.261022,6449.970987,6782.03792,6436.509215,5304.289129,6182.707099,6630.282726
Comoros,COM,GDP per capita (current US$),NY.GDP.PCAP.CD,1483.951559,1595.989819,1608.687875,1322.936775,1357.266229,1414.586689,1531.337811,1510.797323,1519.58678,1577.470841,1484.892465
Cabo Verde,CPV,GDP per capita (current US$),NY.GDP.PCAP.CD,3583.461717,3757.659953,3739.278279,3169.078915,3312.696757,3534.343583,3860.454811,3928.309096,3223.735602,3557.837775,3902.589049
Costa Rica,CRI,GDP per capita (current US$),NY.GDP.PCAP.CD,9971.651656,10633.26656,10737.67888,11529.95517,11899.81398,12118.13362,12383.14995,12669.34116,12179.25667,12537.25675,13198.82172
Caribbean small states,CSS,GDP per capita (current US$),NY.GDP.PCAP.CD,10416.84121,10542.07521,10711.77866,10447.67995,9769.469641,10061.08661,10339.10078,10409.71638,8864.60437,10114.14684,12382.37538
Cuba,CUB,GDP per capita (current US$),NY.GDP.PCAP.CD,6467.337914,6814.243844,7117.52691,7683.757891,8055.889907,8543.360968,8831.907222,9139.415856,9499.590202,,
Curacao,CUW,GDP per capita (current US$),NY.GDP.PCAP.CD,19886.67837,19762.73962,19552.66055,19260.26985,18881.83062,18788.80728,18956.09797,19024.17715,16109.86175,17717.59648,
Cayman Islands,CYM,GDP per capita (current US$),NY.GDP.PCAP.CD,75466.13587,75685.35837,76610.64797,77295.84566,78858.27966,81255.11227,85231.77515,89846.3211,83897.50521,88475.60088,
Cyprus,CYP,GDP per capita (current US$),NY.GDP.PCAP.CD,28991.92969,27797.45313,27244.34375,23487.21875,24715.14258,26697.00586,29419.88672,29417.92188,28035.98438,31552.03516,31283.50586
Czechia,CZE,GDP per capita (current US$),NY.GDP.PCAP.CD,19870.80121,20133.16914,19890.91991,17829.69832,18575.23203,20636.19995,23424.48046,23664.84786,22992.87938,26822.51419,27638.37328
Germany,DEU,GDP per capita (current US$),NY.GDP.PCAP.CD,43855.85447,46298.92292,48023.86998,41103.25644,42136.12079,44652.58917,47939.27829,46793.68676,46772.82535,51203.55447,48432.45587
Djibouti,DJI,GDP per capita (current US$),NY.GDP.PCAP.CD,1418.460858,2102.197948,2239.114538,2409.311902,2545.738799,2655.73322,2755.838293,2876.043664,2917.996281,3050.306282,3136.11296
Dominica,DMA,GDP per capita (current US$),NY.GDP.PCAP.CD,7054.875977,7240.679119,7498.917522,7724.042411,8223.04145,7408.091301,7833.195013,8561.587011,7003.469891,7668.158132,8414.536593
Denmark,DNK,GDP per capita (current US$),NY.GDP.PCAP.CD,58507.50805,61191.1937,62548.98473,53254.85637,54663.99837,57610.09818,61591.92887,59592.98069,60915.4244,68007.75667,66983.132
Dominican Republic,DOM,GDP per capita (current US$),NY.GDP.PCAP.CD,6049.471611,6171.295064,6533.670968,6838.936735,7191.069713,7513.497951,7947.159354,8173.344646,7167.914932,8476.749688,10120.55116
Algeria,DZA,GDP per capita (current US$),NY.GDP.PCAP.CD,5610.733306,5519.777576,5516.229463,4197.419971,3967.20066,4134.936099,4171.795309,4021.983608,3354.157303,3700.311195,4273.922183
East Asia & Pacific (excluding high income),EAP,GDP per capita (current US$),NY.GDP.PCAP.CD,5375.84283,5882.142195,6291.283382,6501.712686,6591.136406,7149.121268,7944.471368,8169.008923,8262.89755,9812.145975,9952.188121
Early-demographic dividend,EAR,GDP per capita (current US$),NY.GDP.PCAP.CD,3348.112789,3347.113999,3414.437827,3204.508591,3264.725075,3485.109554,3480.280784,3506.634175,3232.24714,3714.713915,4069.176012
East Asia & Pacific,EAS,GDP per capita (current US$),NY.GDP.PCAP.CD,9435.97324,9468.444029,9694.447645,9586.891992,9855.059823,10452.73707,11311.76908,11480.70382,11482.8805,13119.40565,12906.69401
Europe & Central Asia (excluding high income),ECA,GDP per capita (current US$),NY.GDP.PCAP.CD,10208.41973,10750.56158,9890.316591,7459.081845,7044.68473,7865.227451,7995.718829,8128.395055,7462.097631,8919.908636,10376.78025
Europe & Central Asia,ECS,GDP per capita (current US$),NY.GDP.PCAP.CD,25093.6904,26090.30283,26321.08796,22560.0453,22380.61799,23644.78073,25244.03379,24870.57647,23995.15,27239.94011,27363.87464
Ecuador,ECU,GDP per capita (current US$),NY.GDP.PCAP.CD,5678.455721,6050.354611,6374.631486,6130.586676,6079.088736,6246.404252,6321.349401,6233.258167,5645.19929,5965.132871,6391.282484
"Egypt, Arab Rep.",EGY,GDP per capita (current US$),NY.GDP.PCAP.CD,3059.135428,3088.890834,3196.861381,3370.382447,3331.612461,2439.967284,2531.200079,3017.258336,3571.556907,3886.722498,4295.407496
Euro area,EMU,GDP per capita (current US$),NY.GDP.PCAP.CD,37594.91772,39119.9712,39913.12126,34388.81037,35164.06478,37157.1126,40045.56619,39183.10234,38161.66594,42472.33269,40755.04738
Eritrea,ERI,GDP per capita (current US$),NY.GDP.PCAP.CD,,,,,,,,,,,
Spain,ESP,GDP per capita (current US$),NY.GDP.PCAP.CD,28322.94659,29077.18206,29513.65118,25754.36103,26537.15949,28185.32137,30379.72111,29581.51855,26959.67544,30103.51373,29350.16852
Estonia,EST,GDP per capita (current US$),NY.GDP.PCAP.CD,17403.20533,19056.00192,20261.06673,17402.03761,18295.34293,20437.76538,23165.84948,23424.48471,23595.24368,27943.70122,28332.62909
Ethiopia,ETH,GDP per capita (current US$),NY.GDP.PCAP.CD,458.5509208,490.7924741,557.5341484,630.3126271,705.6175123,755.7526451,758.2976902,840.4496034,918.6525941,925.0006972,1027.585918
European Union,EUU,GDP per capita (current US$),NY.GDP.PCAP.CD,33170.15826,34564.92795,35280.74883,30485.75829,31175.21585,33088.67455,35749.08806,35077.72858,34332.64496,38436.14921,37149.60859
Fragile and conflict affected situations,FCS,GDP per capita (current US$),NY.GDP.PCAP.CD,2307.314323,2337.847885,2423.574696,1892.961234,1735.356248,1795.603163,1847.173534,1906.887216,1697.422054,1780.261392,1857.0116
Finland,FIN,GDP per capita (current US$),NY.GDP.PCAP.CD,47708.06128,49892.22336,50327.24029,42801.90812,43814.02651,46412.13648,49987.62616,48629.85823,49169.71934,53489.75202,50536.62447
Fiji,FJI,GDP per capita (current US$),NY.GDP.PCAP.CD,4359.792845,4586.956165,5305.0634,5105.190039,5368.433659,5825.198813,6073.395195,5968.319557,4864.106008,4646.537921,5316.658385
France,FRA,GDP per capita (current US$),NY.GDP.PCAP.CD,40870.85236,42602.71797,43068.54872,36652.92231,37062.53357,38781.04949,41557.85486,40494.89829,39055.28293,43658.97898,40963.83734
Faroe Islands,FRO,GDP per capita (current US$),NY.GDP.PCAP.CD,50157.0628,55560.13613,60126.12921,52726.6887,56833.91437,59328.23348,62576.80375,63382.75314,61979.79544,69010.1662,
"Micronesia, Fed. Sts.",FSM,GDP per capita (current US$),NY.GDP.PCAP.CD,3023.585446,2920.700863,2928.448782,2891.322103,3022.653627,3320.354976,3623.329337,3699.081514,3639.412699,3571.336769,3741.057769
Gabon,GAB,GDP per capita (current US$),NY.GDP.PCAP.CD,9348.514868,9250.081117,9255.368037,7090.454634,6722.198222,6975.695197,7694.906045,7523.862278,6680.08267,8635.797144,8820.347338
United Kingdom,GBR,GDP per capita (current US$),NY.GDP.PCAP.CD,42485.58607,43449.09172,47447.58893,45071.07432,41146.07736,40622.68939,43306.3083,42747.08046,40318.41692,46585.89756,45850.42612
Georgia,GEO,GDP per capita (current US$),NY.GDP.PCAP.CD,4421.929819,4623.884714,4739.277808,4014.112241,4062.126978,4356.928595,4722.042423,4696.150586,4255.742993,5023.274384,6627.70698
Ghana,GHA,GDP per capita (current US$),NY.GDP.PCAP.CD,1536.619916,2282.407501,1942.921869,1711.271471,1900.397836,1998.722666,2180.029684,2167.92544,2176.576218,2410.877309,2175.85977
Gibraltar,GIB,GDP per capita (current US$),NY.GDP.PCAP.CD,,,,,,,,,,,
Guinea,GIN,GDP per capita (current US$),NY.GDP.PCAP.CD,707.9676782,757.6922725,774.5690396,756.4255898,720.4732552,843.4642792,944.4172686,1043.899886,1073.659339,1189.175999,1531.656475
"Gambia, The",GMB,GDP per capita (current US$),NY.GDP.PCAP.CD,686.5575601,647.3855375,561.6496393,611.6712178,640.6762701,632.0010179,683.3246379,722.875351,704.0304578,772.1514524,840.0101934
Guinea-Bissau,GNB,GDP per capita (current US$),NY.GDP.PCAP.CD,598.5726262,616.1599287,605.1225465,585.9570126,642.6663901,718.2457378,781.6443676,730.6114323,710.258133,795.118605,775.8289657
Equatorial Guinea,GNQ,GDP per capita (current US$),NY.GDP.PCAP.CD,18756.42501,17644.59431,16804.92493,9788.983804,8035.307666,8410.39798,8719.18687,7317.390024,6327.598962,7506.667861,7053.467085
Greece,GRC,GDP per capita (current US$),NY.GDP.PCAP.CD,21912.99829,21787.78776,21616.71001,18083.87791,17923.96681,18582.08934,19756.99046,19144.28439,17658.9473,20192.5963,20732.05222
Grenada,GRD,GDP per capita (current US$),NY.GDP.PCAP.CD,6900.765076,7205.254765,7726.378262,8379.621847,8849.513535,9309.261296,9574.310271,9887.920742,8437.536782,9010.5128,10016.20869
Greenland,GRL,GDP per capita (current US$),NY.GDP.PCAP.CD,45936.95995,47535.49104,50485.22741,44536.35609,48181.87419,50765.69565,54545.29998,53309.57927,54693.51141,57116.41387,
Guatemala,GTM,GDP per capita (current US$),NY.GDP.PCAP.CD,3355.034599,3522.767541,3779.626042,3994.629085,4173.281303,4454.024661,4485.752384,4647.80734,4609.897258,5029.477338,5473.208741
Guam,GUM,GDP per capita (current US$),NY.GDP.PCAP.CD,31642.14626,32318.8909,33483.94144,34522.37793,35052.80791,35663.02504,35902.7259,37752.63308,34780.86166,35904.86355,
Guyana,GUY,GDP per capita (current US$),NY.GDP.PCAP.CD,5461.390076,5576.250215,5495.377084,5668.429765,5905.380196,6220.978568,6094.909837,6477.296726,6863.074346,9998.544311,18989.7902
High income,HIC,GDP per capita (current US$),NY.GDP.PCAP.CD,41480.20277,41752.80006,42410.74826,39815.14025,40436.36194,42079.91794,44530.38006,44727.7346,43437.89431,48351.07207,49430.32936
"Hong Kong SAR, China",HKG,GDP per capita (current US$),NY.GDP.PCAP.CD,36730.79777,38403.77771,40315.37222,42432.16197,43734.19807,46160.42979,48537.56689,48359.00325,46109.22999,49764.79312,48983.6238
Honduras,HND,GDP per capita (current US$),NY.GDP.PCAP.CD,2107.345481,2064.550519,2164.424516,2257.225284,2295.536231,2403.306094,2457.686012,2519.366193,2354.12148,2771.722616,3040.17308
Heavily indebted poor countries (HIPC),HPC,GDP per capita (current US$),NY.GDP.PCAP.CD,912.7737784,986.9314556,1018.505993,961.0591229,978.1097913,1051.2207,973.0335414,980.4439366,964.9163762,1043.67963,1097.051659
Croatia,HRV,GDP per capita (current US$),NY.GDP.PCAP.CD,13410.82081,13949.12177,13970.98323,12071.09096,12550.70886,13562.14405,15003.14068,15086.21174,14236.53525,17747.78929,18413.23468
Haiti,HTI,GDP per capita (current US$),NY.GDP.PCAP.CD,1356.172777,1452.313548,1454.649175,1405.714786,1313.186095,1389.358623,1489.578406,1345.475055,1283.141228,1823.742224,1748.257132
Hungary,HUN,GDP per capita (current US$),NY.GDP.PCAP.CD,12984.83657,13715.07036,14294.25842,12717.0386,13104.69955,14621.2396,16425.20503,16786.21364,16125.60941,18772.14111,18463.20852
IBRD only,IBD,GDP per capita (current US$),NY.GDP.PCAP.CD,5583.262876,5827.251601,5959.81193,5524.939798,5513.372018,6033.405894,6363.722854,6450.760199,6170.422732,7275.454626,7658.320887
IDA & IBRD total,IBT,GDP per capita (current US$),NY.GDP.PCAP.CD,4518.830469,4713.754263,4823.227179,4473.545245,4455.013341,4839.281743,5076.884407,5131.966716,4895.974989,5712.35779,5988.572797
IDA total,IDA,GDP per capita (current US$),NY.GDP.PCAP.CD,1267.391891,1348.338145,1423.486805,1361.632773,1358.886329,1390.170316,1410.16581,1427.769012,1371.129176,1461.61016,1528.972799
IDA blend,IDB,GDP per capita (current US$),NY.GDP.PCAP.CD,1833.522756,1954.033184,2083.535952,1930.750224,1818.752493,1751.916646,1875.798613,1874.584627,1720.741224,1842.031993,1930.612819
Indonesia,IDN,GDP per capita (current US$),NY.GDP.PCAP.CD,3668.212084,3602.885517,3476.624854,3322.581679,3558.818852,3839.785075,3902.661675,4151.227555,3895.618152,4334.215983,4787.999308
IDA only,IDX,GDP per capita (current US$),NY.GDP.PCAP.CD,981.987505,1043.138599,1091.213992,1075.731885,1128.680345,1209.699967,1178.524433,1206.137997,1198.151155,1273.743881,1330.854544
Isle of Man,IMN,GDP per capita (current US$),NY.GDP.PCAP.CD,79326.383,83204.74717,91881.12836,84753.45673,82041.62105,83510.30375,89425.89139,87152.45302,79530.60548,,
India,IND,GDP per capita (current US$),NY.GDP.PCAP.CD,1434.017978,1438.056995,1559.863772,1590.174322,1714.279541,1957.969814,1974.37773,2050.16379,1913.219721,2238.127139,2388.621198
Not classified,INX,GDP per capita (current US$),NY.GDP.PCAP.CD,,,,,,,,,,,
Ireland,IRL,GDP per capita (current US$),NY.GDP.PCAP.CD,49054.69743,51546.35476,55643.05943,62053.98444,62895.91112,69970.94891,79250.38785,80927.07467,85420.19086,100172.0793,104038.9461
"Iran, Islamic Rep.",IRN,GDP per capita (current US$),NY.GDP.PCAP.CD,8329.002067,6280.681868,5757.543333,4990.936795,5497.243233,5758.590728,3829.829855,3276.753265,2746.419483,4084.200305,4387.825715
Iraq,IRQ,GDP per capita (current US$),NY.GDP.PCAP.CD,6437.503076,6612.902252,6215.986033,4416.942923,4305.202702,4725.193573,5601.467061,5621.181695,4251.337253,4770.835343,5937.195466
Iceland,ISL,GDP per capita (current US$),NY.GDP.PCAP.CD,45995.54788,49804.983,54576.74481,52951.68151,61987.92636,72010.14903,74452.18907,68403.14481,58813.79698,68594.0081,72902.97995
Israel,ISR,GDP per capita (current US$),NY.GDP.PCAP.CD,33156.22832,36941.84236,38259.6811,36206.52222,37690.47395,41114.78171,42406.84543,44452.23256,44846.7916,52166.81216,54659.75396
Italy,ITA,GDP per capita (current US$),NY.GDP.PCAP.CD,35051.52127,35560.08141,35565.72138,30242.38614,30960.73151,32406.72032,34622.16967,33673.75096,31918.69349,35770.04961,34157.99012
Jamaica,JAM,GDP per capita (current US$),NY.GDP.PCAP.CD,5365.242149,5143.722172,4991.564267,5077.551636,5022.703328,5273.148923,5594.493107,5626.170403,4897.26477,5183.5811,6047.216464
Jordan,JOR,GDP per capita (current US$),NY.GDP.PCAP.CD,4386.461819,4477.618321,4255.894302,4064.25301,4003.404746,4073.116403,4146.407311,4159.671408,3987.650174,4046.931467,4204.50564
Japan,JPN,GDP per capita (current US$),NY.GDP.PCAP.CD,49145.28043,40898.6479,38475.39525,34960.63938,39375.47316,38834.05293,39751.1331,40415.95676,39986.92863,39827.12677,33815.31727
Kazakhstan,KAZ,GDP per capita (current US$),NY.GDP.PCAP.CD,12386.69927,13890.634,12807.26307,10510.77031,7714.841844,9247.580687,9812.625422,9812.595536,9121.636402,10373.78979,11243.67123
Kenya,KEN,GDP per capita (current US$),NY.GDP.PCAP.CD,1289.780795,1376.829206,1489.919724,1496.653568,1562.076611,1675.98843,1845.783413,1970.080063,1936.250752,2069.661137,2099.301938
Kyrgyz Republic,KGZ,GDP per capita (current US$),NY.GDP.PCAP.CD,1177.975258,1282.438247,1279.770777,1121.082691,1120.667061,1242.770223,1308.139779,1374.031136,1182.521506,1306.177992,1606.668075
Cambodia,KHM,GDP per capita (current US$),NY.GDP.PCAP.CD,950.4825446,1015.220881,1098.074538,1170.742816,1281.105971,1400.899265,1533.315985,1671.3854,1577.91174,1625.235022,1786.560819
Kiribati,KIR,GDP per capita (current US$),NY.GDP.PCAP.CD,1698.91907,1628.642442,1546.881359,1459.143695,1506.23103,1566.447044,1607.22965,1410.01509,1403.993738,1766.143945,1701.970123
St. Kitts and Nevis,KNA,GDP per capita (current US$),NY.GDP.PCAP.CD,17293.80605,18315.91468,19945.39267,20025.88485,21095.25404,22160.60363,22548.15063,23219.40905,18566.01785,18082.68799,20176.74758
"Korea, Rep.",KOR,GDP per capita (current US$),NY.GDP.PCAP.CD,25466.76052,27182.73431,29249.57522,28732.23108,29288.87044,31616.8434,33436.92306,31902.4169,31721.29802,34997.78164,32254.62472
Kuwait,KWT,GDP per capita (current US$),NY.GDP.PCAP.CD,51271.14865,47762.72232,43239.81365,29315.19607,27026.6482,29258.28964,32012.1352,30666.22066,24297.70114,32186.76541,43233.48909
Latin America & Caribbean (excluding high income),LAC,GDP per capita (current US$),NY.GDP.PCAP.CD,9692.404612,9840.598597,9781.723747,8226.892485,7912.279086,8732.615386,8387.849056,8184.424574,6837.630412,7804.448212,8884.682735
Lao PDR,LAO,GDP per capita (current US$),NY.GDP.PCAP.CD,1566.009745,1815.440238,1984.50867,2125.459057,2309.049076,2439.463355,2553.361866,2598.505523,2593.355097,2535.623434,2088.377182
Lebanon,LBN,GDP per capita (current US$),NY.GDP.PCAP.CD,8500.180563,8255.209211,7665.379692,7802.751368,8172.299476,8679.897422,9225.845155,8925.42186,5599.957523,4136.146575,
Liberia,LBR,GDP per capita (current US$),NY.GDP.PCAP.CD,644.4555767,717.6357533,713.7348824,699.6629469,722.1312268,706.892692,700.0370394,665.8784476,597.5296919,675.6631858,754.5328769
Libya,LBY,GDP per capita (current US$),NY.GDP.PCAP.CD,15765.41979,12589.52971,9408.752546,7867.515731,7945.00605,10529.11627,11838.29871,10542.42902,7034.658365,5908.951323,6716.095985
St. Lucia,LCA,GDP per capita (current US$),NY.GDP.PCAP.CD,9231.661827,9542.713574,10007.18689,10290.35048,10574.3026,11270.4329,11563.87207,11726.67715,8458.075063,9414.137741,11481.49672
Latin America & Caribbean,LCN,GDP per capita (current US$),NY.GDP.PCAP.CD,10221.92606,10363.64387,10458.75905,8652.439965,8363.884187,9202.644828,8920.943817,8713.543646,7344.060922,8413.260117,9474.467688
Least developed countries: UN classification,LDC,GDP per capita (current US$),NY.GDP.PCAP.CD,950.8895163,1011.223772,1060.760412,1003.222655,1016.080926,1104.794664,1063.20913,1089.871778,1082.600221,1151.781836,1259.1412
Low income,LIC,GDP per capita (current US$),NY.GDP.PCAP.CD,756.6619014,752.721539,790.0805138,772.240785,743.6036685,800.5564092,659.1197838,681.7468579,653.673818,682.7826691,741.2443633
Liechtenstein,LIE,GDP per capita (current US$),NY.GDP.PCAP.CD,149461.7089,173659.4965,179467.5069,167809.2127,165845.9288,170875.7399,175286.6193,167259.1603,165284.4971,184083.3214,
Sri Lanka,LKA,GDP per capita (current US$),NY.GDP.PCAP.CD,3351.892489,3643.832449,3885.62361,3990.353123,4107.829762,4388.201908,4360.584742,4082.694048,3852.389968,3994.246958,3354.383408
Lower middle income,LMC,GDP per capita (current US$),NY.GDP.PCAP.CD,1971.997157,1982.570293,2052.757262,1969.272102,2035.511341,2156.091532,2178.182325,2235.391816,2123.382318,2404.551794,2542.199938
Low & middle income,LMY,GDP per capita (current US$),NY.GDP.PCAP.CD,4340.914714,4534.20504,4626.717722,4329.83603,4312.051252,4680.47789,4900.346408,4957.610752,4729.766987,5520.31845,5793.343949
Lesotho,LSO,GDP per capita (current US$),NY.GDP.PCAP.CD,1205.860003,1141.361038,1165.050705,1113.868632,986.2652568,1062.712399,1162.978792,1094.499438,939.5042491,1040.308623,1107.395298
Late-demographic dividend,LTE,GDP per capita (current US$),NY.GDP.PCAP.CD,7991.706227,8544.867854,8812.35816,8213.692387,8182.503779,9021.942413,9839.70401,9979.374237,9720.85845,11554.28688,12074.47702
Lithuania,LTU,GDP per capita (current US$),NY.GDP.PCAP.CD,14367.70942,15729.65247,16551.0182,14263.96458,15008.31324,16885.40739,19186.35959,19598.40087,20363.92441,23712.53578,24826.79104
Luxembourg,LUX,GDP per capita (current US$),NY.GDP.PCAP.CD,112584.6763,120000.1407,123678.7021,105462.0126,106899.2935,110193.2138,116786.5117,112621.8213,117370.4969,133590.147,126426.0899
Latvia,LVA,GDP per capita (current US$),NY.GDP.PCAP.CD,13847.33794,15007.49186,15742.39134,13786.4568,14331.75159,15695.11515,17865.03109,17945.22222,18207.13964,21080.17745,21851.1052
"Macao SAR, China",MAC,GDP per capita (current US$),NY.GDP.PCAP.CD,74111.60582,86853.47342,90873.60249,73220.63173,71919.05267,78985.63229,84923.30876,83183.47239,37646.49565,43873.41716,31617.5019
St. Martin (French part),MAF,GDP per capita (current US$),NY.GDP.PCAP.CD,,,21920.01805,,,,,,,,
Morocco,MAR,GDP per capita (current US$),NY.GDP.PCAP.CD,3164.004639,3377.643555,3430.534668,3139.228271,3132.952148,3288.502686,3492.672363,3498.58252,3258.10498,3795.386963,3527.941895
Monaco,MCO,GDP per capita (current US$),NY.GDP.PCAP.CD,165497.0722,185055.4874,195772.673,170338.6004,174606.4938,173611.7843,194287.0933,199382.7812,182537.3046,234317.0848,
Moldova,MDA,GDP per capita (current US$),NY.GDP.PCAP.CD,3044.808479,3321.043917,3289.167846,2749.913038,2847.635069,3454.95469,4156.9575,4404.950422,4376.242493,5235.636044,5562.613625
Madagascar,MDG,GDP per capita (current US$),NY.GDP.PCAP.CD,504.1737378,526.6880197,517.1361832,455.6380345,464.6161584,503.4980587,512.5439915,512.2796656,462.4042288,503.3520811,505.0355276
Maldives,MDV,GDP per capita (current US$),NY.GDP.PCAP.CD,7447.415454,8222.558022,8872.128664,9434.31191,9640.319191,10063.00371,10823.61048,11118.52623,7282.372916,10366.25678,11817.52393
Middle East & North Africa,MEA,GDP per capita (current US$),NY.GDP.PCAP.CD,8794.730605,8471.774776,8345.566715,7217.651557,7158.049311,7337.224176,7561.201139,7444.621285,6579.370987,7694.855169,8949.396779
Mexico,MEX,GDP per capita (current US$),NY.GDP.PCAP.CD,10376.0905,10865.68729,11076.13411,9753.400562,8875.082069,9434.378179,9857.007487,10145.15263,8654.997325,10045.67637,11091.30543
Marshall Islands,MHL,GDP per capita (current US$),NY.GDP.PCAP.CD,3445.315403,3611.699642,3672.680934,3703.649059,4153.117176,4507.622862,4769.190459,5188.971114,5567.972727,6172.145065,6727.799562
Middle income,MIC,GDP per capita (current US$),NY.GDP.PCAP.CD,4701.042728,4918.907845,5022.064557,4701.528023,4690.374073,5098.307611,5363.870643,5433.458434,5191.849695,6078.453807,6388.158169
North Macedonia,MKD,GDP per capita (current US$),NY.GDP.PCAP.CD,4728.313079,5241.053639,5495.7314,4861.55616,5149.586764,5450.497035,6108.739131,6070.388054,5965.450232,6694.641126,6591.471292
Mali,MLI,GDP per capita (current US$),NY.GDP.PCAP.CD,753.3921368,778.797053,818.4303416,723.504205,750.051809,795.6828021,856.3565959,840.1757461,822.9061375,881.5100886,833.2972552
Malta,MLT,GDP per capita (current US$),NY.GDP.PCAP.CD,22526.65578,24769.4496,26753.26013,24921.6779,25623.85563,28823.34576,31566.35811,31506.55684,29196.97775,34218.21474,33940.9496
Myanmar,MMR,GDP per capita (current US$),NY.GDP.PCAP.CD,1161.305962,1195.9378,1238.72871,1224.562368,1161.861818,1175.202555,1274.915663,1295.201487,1477.452905,1210.540688,1095.70179
Middle East & North Africa (excluding high income),MNA,GDP per capita (current US$),NY.GDP.PCAP.CD,4953.991491,4470.139932,4317.813318,3805.679928,3832.820467,3771.398844,3514.390021,3475.859166,3120.198439,3604.888758,3952.111391
Montenegro,MNE,GDP per capita (current US$),NY.GDP.PCAP.CD,6586.398684,7188.862445,7387.871036,6517.189614,7033.438006,7803.362579,8850.378404,8909.653336,7677.369141,9465.966408,9893.515907
Mongolia,MNG,GDP per capita (current US$),NY.GDP.PCAP.CD,4402.304523,4422.300876,4211.939435,3919.351214,3690.756778,3708.248221,4165.022821,4394.94715,4041.174145,4566.140131,4946.754811
Northern Mariana Islands,MNP,GDP per capita (current US$),NY.GDP.PCAP.CD,14247.7893,14806.00679,16044.43073,17665.10075,24054.91561,30751.64107,25862.75445,23687.27185,17302.92214,,
Mozambique,MOZ,GDP per capita (current US$),NY.GDP.PCAP.CD,667.7177895,672.2039886,680.3753004,594.2269178,430.9929451,462.6999701,504.5358261,508.1634038,454.0623643,491.8390749,541.4544255
Mauritania,MRT,GDP per capita (current US$),NY.GDP.PCAP.CD,1850.384968,1929.775661,1715.388838,1562.726853,1579.199301,1634.642845,1749.954236,1839.962778,1868.468248,2166.044797,2190.700205
Mauritius,MUS,GDP per capita (current US$),NY.GDP.PCAP.CD,9291.236379,9764.644025,10366.35519,9507.871337,9965.725217,10841.68467,11643.4606,11403.25289,9005.462022,9062.722476,10216.29474
Malawi,MWI,GDP per capita (current US$),NY.GDP.PCAP.CD,563.0615397,501.197173,534.1269771,544.2768724,454.4432661,500.1655472,537.9322041,584.3628673,622.1845914,633.6097333,645.1586921
Malaysia,MYS,GDP per capita (current US$),NY.GDP.PCAP.CD,10601.51091,10727.67055,11045.58098,9699.584909,9555.647335,9979.704757,11073.97859,11132.10345,10160.82935,11109.26529,11971.9276
North America,NAC,GDP per capita (current US$),NY.GDP.PCAP.CD,51881.17089,53234.1501,54714.47093,55452.42138,56312.43488,58423.88588,61174.69147,63203.37389,61461.12113,68382.93995,74164.65302
Namibia,NAM,GDP per capita (current US$),NY.GDP.PCAP.CD,6017.178488,5463.031366,5544.103813,4965.672829,4614.89218,5453.570623,5687.381186,5126.176143,4252.041807,4919.188955,4911.327635
New Caledonia,NCL,GDP per capita (current US$),NY.GDP.PCAP.CD,37294.02281,38503.25385,39675.56631,32428.57211,32286.91056,33874.93076,36495.19599,34934.57949,34700.98162,36668.42535,
Niger,NER,GDP per capita (current US$),NY.GDP.PCAP.CD,525.0472844,548.157849,560.7544753,481.1113011,497.0361208,514.5432689,567.3308492,550.9635431,564.8219973,590.6294814,533.0287638
Nigeria,NGA,GDP per capita (current US$),NY.GDP.PCAP.CD,2728.022683,2976.756736,3200.953146,2679.554765,2144.779938,1941.879485,2125.834282,2334.023543,2074.613928,2065.749068,2184.421493
Nicaragua,NIC,GDP per capita (current US$),NY.GDP.PCAP.CD,1746.421289,1794.782566,1913.521321,2025.327261,2079.445529,2127.277659,1981.863168,1905.638313,1876.607372,2064.925116,2255.425986
Netherlands,NLD,GDP per capita (current US$),NY.GDP.PCAP.CD,50070.1416,52198.89756,52900.53742,45193.40322,46039.10593,48675.22234,53044.53244,52476.27325,52162.57012,57708.11121,55985.40343
Norway,NOR,GDP per capita (current US$),NY.GDP.PCAP.CD,102175.9193,103553.8401,97666.69518,74809.9658,70867.361,76131.8384,82792.84271,76430.58895,68340.0181,90655.39102,106148.7786
Nepal,NPL,GDP per capita (current US$),NY.GDP.PCAP.CD,794.0925593,809.3844577,827.7447049,882.3076635,880.2248937,1027.965474,1161.53435,1185.682318,1139.189892,1229.394205,1336.546047
Nauru,NRU,GDP per capita (current US$),NY.GDP.PCAP.CD,9675.959264,8825.975221,9063.003641,7587.251485,8528.627663,9361.038666,10985.87555,10316.52504,10124.7005,11632.69149,11913.65733
New Zealand,NZL,GDP per capita (current US$),NY.GDP.PCAP.CD,39973.38076,42976.64959,44572.89875,38630.72659,40058.19616,42910.97284,43236.88669,42796.43058,41760.59478,49996.42067,48249.26402
OECD members,OED,GDP per capita (current US$),NY.GDP.PCAP.CD,37241.00047,37494.45991,38003.57307,35600.83187,36050.90523,37405.83054,39352.52144,39531.34357,38341.32076,42522.45009,43260.7027
Oman,OMN,GDP per capita (current US$),NY.GDP.PCAP.CD,24722.63882,23563.9406,23121.20638,18777.43306,17082.2062,17802.57512,19887.57431,19132.15227,16707.62301,19509.46646,25056.79486
Other small states,OSS,GDP per capita (current US$),NY.GDP.PCAP.CD,14990.61435,15307.1559,15449.97404,12506.318,12092.10334,12899.87905,14068.44702,13563.89766,11679.55747,13931.79672,15990.64736
Pakistan,PAK,GDP per capita (current US$),NY.GDP.PCAP.CD,1109.678735,1126.040776,1173.392309,1282.443026,1468.822077,1567.64062,1620.742596,1437.165834,1322.314783,1505.010193,1596.662661
Panama,PAN,GDP per capita (current US$),NY.GDP.PCAP.CD,10767.29318,11932.28622,12837.24796,13669.55944,14382.23238,15185.97248,16156.07429,16472.83175,13293.33321,15491.28979,17357.62863
Peru,PER,GDP per capita (current US$),NY.GDP.PCAP.CD,6475.719417,6697.187683,6614.830499,6180.118799,6163.861179,6676.307788,6912.104623,6955.88177,6063.62658,6635.463923,7125.829235
Philippines,PHL,GDP per capita (current US$),NY.GDP.PCAP.CD,2671.777538,2847.567954,2935.928578,2974.29692,3038.152046,3077.434432,3194.672704,3413.849067,3224.422811,3460.539401,3498.509816
Palau,PLW,GDP per capita (current US$),NY.GDP.PCAP.CD,11835.38393,12418.82617,13580.00674,15761.36338,16743.37674,16011.66115,15948.27586,15567.09087,14016.2475,12083.88815,
Papua New Guinea,PNG,GDP per capita (current US$),NY.GDP.PCAP.CD,2653.092358,2578.498647,2742.25005,2502.073746,2332.675664,2495.140474,2584.327738,2593.775798,2446.084413,2644.537173,3020.269646
Poland,POL,GDP per capita (current US$),NY.GDP.PCAP.CD,13010.75692,13558.34256,14181.95018,12560.05142,12378.81176,13815.49995,15504.50894,15700.01358,15816.8204,17999.83227,18321.28089
Pre-demographic dividend,PRE,GDP per capita (current US$),NY.GDP.PCAP.CD,1709.682289,1819.868277,1876.476219,1557.659475,1382.138401,1429.305168,1447.509518,1484.236014,1329.368452,1413.97366,1553.280512
Puerto Rico,PRI,GDP per capita (current US$),NY.GDP.PCAP.CD,27944.73389,28513.16574,28981.45733,29763.4883,30627.1634,31108.75275,31615.06679,32916.8668,31427.42911,32601.56564,35208.63719
"Korea, Dem. People's Rep.",PRK,GDP per capita (current US$),NY.GDP.PCAP.CD,,,,,,,,,,,
Portugal,PRT,GDP per capita (current US$),NY.GDP.PCAP.CD,20563.7136,21653.19598,22103.70097,19250.10654,19991.97249,21490.42986,23562.55452,23330.81729,22242.40642,24598.47279,24274.51658
Paraguay,PRY,GDP per capita (current US$),NY.GDP.PCAP.CD,5621.244026,6435.82655,6629.426519,5861.389724,5759.018333,6136.058354,6242.961502,5807.838814,5353.348045,5959.441763,6153.055677
West Bank and Gaza,PSE,GDP per capita (current US$),NY.GDP.PCAP.CD,3067.438727,3315.297539,3352.112595,3272.154324,3527.613824,3620.360487,3562.330943,3656.858271,3233.568638,3678.635657,3789.327966
Pacific island small states,PSS,GDP per capita (current US$),NY.GDP.PCAP.CD,3484.203196,3582.878621,3851.250993,3723.875213,3866.861921,4128.660653,4286.734144,4234.833963,3713.506943,3641.558247,3874.934178
Post-demographic dividend,PST,GDP per capita (current US$),NY.GDP.PCAP.CD,42289.86207,42524.07783,43169.44402,40641.16293,41372.28231,42971.52687,45386.74721,45701.58439,44494.64574,49340.46648,50307.66936
French Polynesia,PYF,GDP per capita (current US$),NY.GDP.PCAP.CD,19864.53568,20941.51722,21223.0754,18252.51413,18726.6395,19743.95899,20614.89439,20093.20862,18984.61738,19999.07676,
Qatar,QAT,GDP per capita (current US$),NY.GDP.PCAP.CD,98041.36224,97630.82552,93126.14946,66984.9102,58467.23557,59407.69805,66264.08117,62827.39695,52315.66008,66838.32764,88046.32042
Romania,ROU,GDP per capita (current US$),NY.GDP.PCAP.CD,8930.729912,9497.207427,10031.34215,8976.955236,9404.380487,10727.97175,12494.42464,12957.99911,13047.45768,14927.11686,15892.11853
Russian Federation,RUS,GDP per capita (current US$),NY.GDP.PCAP.CD,15420.8584,15974.62305,14095.64648,9313.021484,8704.894531,10720.33203,11287.35449,11536.25879,10194.44141,12593.15723,15345.09668
Rwanda,RWA,GDP per capita (current US$),NY.GDP.PCAP.CD,706.139034,704.4235236,724.7286812,733.8228504,728.806677,756.5476049,768.9641303,806.1280144,773.8205575,821.2281941,966.3271101
South Asia,SAS,GDP per capita (current US$),NY.GDP.PCAP.CD,1347.450817,1364.399694,1475.338214,1523.383336,1675.367623,1887.857385,1920.20841,1964.980519,1853.893087,2136.15806,2272.454739
Saudi Arabia,SAU,GDP per capita (current US$),NY.GDP.PCAP.CD,24069.20331,23945.51231,23862.80119,20442.36606,19930.40754,20910.48296,24175.58312,23405.70611,20398.06099,24160.67605,30436.2783
Sudan,SDN,GDP per capita (current US$),NY.GDP.PCAP.CD,1797.400757,1834.561157,2076.000977,2226.409424,2614.294434,3188.769287,769.8691406,748.0109253,608.3325195,749.7067871,1102.146484
Senegal,SEN,GDP per capita (current US$),NY.GDP.PCAP.CD,1334.725914,1391.53219,1417.094988,1238.1264,1290.749971,1385.199215,1484.227069,1462.678352,1492.475904,1633.560119,1598.735991
Singapore,SGP,GDP per capita (current US$),NY.GDP.PCAP.CD,55547.54625,56967.42579,57564.80231,55645.60686,56895.64334,61164.89736,66836.53851,66070.47067,61274.00646,77710.06996,82807.64908
Solomon Islands,SLB,GDP per capita (current US$),NY.GDP.PCAP.CD,2087.637662,2208.085253,2235.733596,2134.805424,2196.283908,2283.578944,2450.482931,2398.772963,2222.462143,2232.536956,2203.18966
Sierra Leone,SLE,GDP per capita (current US$),NY.GDP.PCAP.CD,558.1797747,706.4526652,702.3386033,581.2934118,515.4478314,484.4561156,519.6499835,506.6069082,493.4322524,504.6212722,461.3611383
El Salvador,SLV,GDP per capita (current US$),NY.GDP.PCAP.CD,3471.051269,3555.1621,3638.517658,3761.51368,3870.312982,3986.049014,4145.862351,4280.288404,3961.726633,4664.311223,5127.321668
San Marino,SMR,GDP per capita (current US$),NY.GDP.PCAP.CD,48433.5703,50435.36733,50133.60652,42281.81125,43398.42852,44885.51784,48464.52465,47287.39839,45321.48922,54982.45172,
Somalia,SOM,GDP per capita (current US$),NY.GDP.PCAP.CD,,356.1179034,377.5573872,387.6079944,387.1866816,377.349072,379.9860027,405.7867633,416.2177747,446.9815596,461.77585
Serbia,SRB,GDP per capita (current US$),NY.GDP.PCAP.CD,6015.945228,6755.073675,6600.056186,5588.979444,5765.203352,6292.546549,7252.403668,7417.206585,7733.803494,9230.174447,9393.628906
Sub-Saharan Africa (excluding high income),SSA,GDP per capita (current US$),NY.GDP.PCAP.CD,1841.971772,1904.290482,1935.430795,1680.143509,1520.258376,1602.208232,1622.834774,1624.437172,1487.894768,1630.031542,1689.215655
South Sudan,SSD,GDP per capita (current US$),NY.GDP.PCAP.CD,1114.923723,1659.140787,1245.149311,1071.777765,,,,,,,
Sub-Saharan Africa,SSF,GDP per capita (current US$),NY.GDP.PCAP.CD,1842.969087,1905.498346,1936.664366,1681.367334,1521.52751,1603.501804,1624.144532,1625.762576,1488.7955,1630.983903,1690.387566
Small states,SST,GDP per capita (current US$),NY.GDP.PCAP.CD,13385.11539,13667.12651,13841.31177,11583.98086,11165.60265,11855.79893,12810.40619,12442.12013,10702.88602,12638.57031,14626.50571
Sao Tome and Principe,STP,GDP per capita (current US$),NY.GDP.PCAP.CD,1319.900833,1551.192905,1754.600471,1571.49854,1688.375303,1805.524651,1950.629352,1991.738264,2161.310201,2360.543554,2404.258693
Suriname,SUR,GDP per capita (current US$),NY.GDP.PCAP.CD,8922.956186,9124.541093,9199.177893,8907.838127,5705.399232,6112.882912,6730.836783,6690.044786,4796.533314,4869.134226,5858.28606
Slovak Republic,SVK,GDP per capita (current US$),NY.GDP.PCAP.CD,17498.3539,18276.00955,18719.98814,16390.88217,16563.4405,17585.197,19486.39368,19381.59211,19551.62116,21782.85507,21258.11414
Slovenia,SVN,GDP per capita (current US$),NY.GDP.PCAP.CD,22641.80512,23503.28249,24247.17332,20890.16643,21678.35947,23514.02546,26123.74713,26016.07868,25545.241,29291.40062,29457.40284
Sweden,SWE,GDP per capita (current US$),NY.GDP.PCAP.CD,58037.82132,61126.9432,60020.36046,51545.48361,51965.15715,53791.50873,54589.06039,51939.42974,52837.90398,61143.22124,55873.22081
Eswatini,SWZ,GDP per capita (current US$),NY.GDP.PCAP.CD,4396.57932,4111.128353,3928.522911,3583.31129,3339.990427,3824.046783,4021.445556,3818.540425,3372.904639,3982.905229,4039.518036
Sint Maarten (Dutch part),SXM,GDP per capita (current US$),NY.GDP.PCAP.CD,28460.33262,27942.88054,33043.68838,32274.89055,31616.6817,29369.05683,28988.25921,35084.03519,29314.09429,32316.59598,36220.33801
Seychelles,SYC,GDP per capita (current US$),NY.GDP.PCAP.CD,12342.51009,14729.62703,15188.17428,14894.48578,15409.80502,15961.24168,16409.47113,16851.11976,12020.02191,12963.06467,15874.54007
Syrian Arab Republic,SYR,GDP per capita (current US$),NY.GDP.PCAP.CD,1910.604526,993.7398831,1071.234204,857.4978675,664.3416723,862.3190638,1111.872093,1124.520554,537.2113614,,
Turks and Caicos Islands,TCA,GDP per capita (current US$),NY.GDP.PCAP.CD,22666.40691,22451.56873,24040.87466,25783.2941,26995.03216,25659.19586,26831.97146,27795.14856,20882.26127,23158.6379,24917.59581
Chad,TCD,GDP per capita (current US$),NY.GDP.PCAP.CD,969.6161419,980.0835447,1017.787762,774.4116031,691.9800774,662.8974734,720.2651009,701.6212008,643.7722162,685.690315,716.8043812
East Asia & Pacific (IDA & IBRD countries),TEA,GDP per capita (current US$),NY.GDP.PCAP.CD,5436.729682,5948.470989,6361.982211,6574.573472,6664.813409,7228.801102,8032.844513,8259.763256,8354.652938,9921.177706,10062.92244
Europe & Central Asia (IDA & IBRD countries),TEC,GDP per capita (current US$),NY.GDP.PCAP.CD,10420.82559,10963.29261,10296.60255,7995.188562,7640.98436,8532.086433,8869.055827,9016.263771,8439.667109,9983.847669,11324.51067
Togo,TGO,GDP per capita (current US$),NY.GDP.PCAP.CD,759.8959722,826.4286073,853.0078138,760.2429116,787.2801616,814.4198376,873.5551563,848.3048269,875.2454099,964.0500102,918.3767558
Thailand,THA,GDP per capita (current US$),NY.GDP.PCAP.CD,5748.632782,6041.134013,5822.377723,5708.794147,5854.463852,6436.789649,7124.558867,7628.576087,7001.785413,7060.897609,6908.802119
Tajikistan,TJK,GDP per capita (current US$),NY.GDP.PCAP.CD,959.3602175,1038.320717,1094.430124,970.3625997,801.39384,844.3652499,850.6669582,889.0233718,852.3302296,916.6919671,1054.189484
Turkmenistan,TKM,GDP per capita (current US$),NY.GDP.PCAP.CD,6441.886618,7049.797505,7685.509859,6208.296655,6163.253406,6354.53283,6721.34954,7180.459552,7297.180042,,
Latin America & the Caribbean (IDA & IBRD countries),TLA,GDP per capita (current US$),NY.GDP.PCAP.CD,10149.1207,10287.07742,10377.34504,8505.153224,8199.544813,9052.331276,8759.324822,8532.484358,7136.214741,8195.12866,9237.903749
Timor-Leste,TLS,GDP per capita (current US$),NY.GDP.PCAP.CD,1019.964911,1201.423609,1221.534229,1322.300887,1347.926361,1283.525882,1239.366087,1584.263822,1660.308309,2741.393945,2358.409054
Middle East & North Africa (IDA & IBRD countries),TMN,GDP per capita (current US$),NY.GDP.PCAP.CD,4975.306662,4483.245488,4328.807428,3811.773544,3836.321671,3773.136779,3513.833793,3473.742114,3118.860507,3604.012298,3954.094041
Tonga,TON,GDP per capita (current US$),NY.GDP.PCAP.CD,4378.572815,4208.188686,4125.426028,4117.93037,3978.438212,4367.25563,4649.613513,4878.978188,4605.970878,4425.970591,
South Asia (IDA & IBRD),TSA,GDP per capita (current US$),NY.GDP.PCAP.CD,1347.450817,1364.399694,1475.338214,1523.383336,1675.367623,1887.857385,1920.20841,1964.980519,1853.893087,2136.15806,2272.454739
Sub-Saharan Africa (IDA & IBRD countries),TSS,GDP per capita (current US$),NY.GDP.PCAP.CD,1842.969087,1905.498346,1936.664366,1681.367334,1521.52751,1603.501804,1624.144532,1625.762576,1488.7955,1630.983903,1690.387566
Trinidad and Tobago,TTO,GDP per capita (current US$),NY.GDP.PCAP.CD,18961.23359,19821.52865,20327.98346,18389.53103,15991.10879,16094.66678,16164.16133,15690.9631,13871.79822,16032.50277,18222.26033
Tunisia,TUN,GDP per capita (current US$),NY.GDP.PCAP.CD,4233.917158,4308.337421,4398.638695,3960.924849,3796.109011,3569.718839,3577.16946,3477.844271,3497.733231,3807.184563,3776.667779
Turkiye,TUR,GDP per capita (current US$),NY.GDP.PCAP.CD,11697.47436,12507.80316,12020.34966,10851.92011,10734.25647,10464.00779,9400.836337,9103.012397,8561.064333,9661.227734,10616.06104
Tuvalu,TUV,GDP per capita (current US$),NY.GDP.PCAP.CD,3624.984174,3536.901175,3556.378789,3384.382534,3836.073071,4181.437569,4419.256323,4940.050682,4674.909088,5372.756766,5334.988605
Tanzania,TZA,GDP per capita (current US$),NY.GDP.PCAP.CD,854.5432129,955.3212891,1012.984741,929.1072388,942.8813477,975.9245605,1011.59967,1050.932373,1104.164429,1146.031982,1192.403809
Uganda,UGA,GDP per capita (current US$),NY.GDP.PCAP.CD,796.7111393,819.7578674,897.5097285,864.1800594,753.6844055,766.177604,793.1280823,823.0247328,846.8811992,883.4657281,964.2243852
Ukraine,UKR,GDP per capita (current US$),NY.GDP.PCAP.CD,4004.789795,4187.739746,3104.653809,2124.662598,2187.727539,2638.325439,3096.5625,3661.457764,3751.737305,4827.845703,4533.975586
Upper middle income,UMC,GDP per capita (current US$),NY.GDP.PCAP.CD,7596.716989,8056.656324,8218.29574,7664.045408,7590.182392,8335.158124,8895.010224,9006.037156,8649.365561,10257.27978,10794.93186
Uruguay,URY,GDP per capita (current US$),NY.GDP.PCAP.CD,16087.25208,18140.89192,18131.57885,16950.75338,16837.94038,18995.39702,19026.04961,18098.36155,15650.49943,17923.99533,20795.04235
United States,USA,GDP per capita (current US$),NY.GDP.PCAP.CD,51784.41857,53291.12769,55123.84979,56762.72945,57866.74493,59907.75426,62823.30944,65120.39466,63528.6343,70219.47245,76398.59174
Uzbekistan,UZB,GDP per capita (current US$),NY.GDP.PCAP.CD,2267.623275,2419.718744,2628.460054,2753.971058,2704.677189,1916.764625,1604.258642,1795.201768,1759.307471,1993.424478,2255.151155
St. Vincent and the Grenadines,VCT,GDP per capita (current US$),NY.GDP.PCAP.CD,6754.370184,7117.554763,7210.616549,7386.737484,7684.779282,7996.656233,8399.693967,8680.241982,8306.367581,8360.101059,9125.317497
"Venezuela, RB",VEN,GDP per capita (current US$),NY.GDP.PCAP.CD,12937.9276,12433.98079,15975.72938,,,,,,,,
British Virgin Islands,VGB,GDP per capita (current US$),NY.GDP.PCAP.CD,,,,,,,,,,,
Virgin Islands (U.S.),VIR,GDP per capita (current US$),NY.GDP.PCAP.CD,37795.31926,34597.97669,33045.36438,34007.35294,35324.97489,35365.0693,36653.86305,38596.03071,39552.1686,,
Viet Nam,VNM,GDP per capita (current US$),NY.GDP.PCAP.CD,2190.232284,2367.499542,2558.778924,2595.234979,2760.717101,2992.071746,3267.225009,3491.091279,3586.347297,3756.489122,4163.5143
Vanuatu,VUT,GDP per capita (current US$),NY.GDP.PCAP.CD,2906.342461,2877.444528,2861.203164,2643.886894,2757.203306,3032.19702,3076.835315,3076.589886,2917.756849,3044.57364,3010.292173
World,WLD,GDP per capita (current US$),NY.GDP.PCAP.CD,10575.66013,10738.31741,10898.72081,10156.95346,10208.8699,10746.85627,11290.09997,11330.45367,10895.73523,12282.00007,12647.48079
Samoa,WSM,GDP per capita (current US$),NY.GDP.PCAP.CD,3902.312164,3989.898249,3948.728781,4048.467057,4105.810681,4261.640513,4189.052219,4308.301453,4042.722715,3857.356685,3743.205679
Kosovo,XKX,GDP per capita (current US$),NY.GDP.PCAP.CD,3410.692727,3704.562199,3902.52982,3520.780421,3759.47104,4009.356038,4384.190404,4416.031322,4310.932984,5269.783901,5351.439542
"Yemen, Rep.",YEM,GDP per capita (current US$),NY.GDP.PCAP.CD,1349.990295,1497.747941,1557.601406,1488.416267,1069.816997,893.7165729,701.7148778,693.8164835,583.8756629,603.7079594,676.928385
South Africa,ZAF,GDP per capita (current US$),NY.GDP.PCAP.CD,8173.869138,7441.230854,6965.137897,6204.929901,5735.066787,6734.475153,7048.508112,6688.774746,5741.641249,7055.055176,6776.480077
Zambia,ZMB,GDP per capita (current US$),NY.GDP.PCAP.CD,1729.647471,1840.320553,1724.57622,1307.909649,1249.923143,1495.752138,1475.199836,1268.120941,956.8317475,1137.344395,1487.907764
Zimbabwe,ZWE,GDP per capita (current US$),NY.GDP.PCAP.CD,1290.193957,1408.36781,1407.034291,1410.329173,1421.787791,1192.107012,2269.177012,1421.868596,1372.696674,1773.920411,1266.996031
